{"cameraMode":{"drawMode":0,"name":"Shaded","section":"Shading Mode"},"sceneLighting":false,"audioPlay":false,"sceneViewState":{"m_AlwaysRefresh":false,"showFog":true,"showSkybox":false,"showFlares":true,"showImageEffects":true,"showParticleSystems":true,"showVisualEffectGraphs":true,"m_FxEnabled":true},"in2DMode":false,"pivot":{"x":1.731481909751892,"y":1.2018027305603028,"z":0.015035778284072876},"rotation":{"x":-0.02988394722342491,"y":-0.7483282089233398,"z":0.034042663872241977,"w":-0.6619044542312622},"size":1.759807825088501,"orthographic":false}