{"cameraMode":{"drawMode":0,"name":"Shaded","section":"Shading Mode"},"sceneLighting":true,"audioPlay":false,"sceneViewState":{"m_AlwaysRefresh":false,"showFog":true,"showSkybox":true,"showFlares":true,"showImageEffects":true,"showParticleSystems":true,"showVisualEffectGraphs":true,"m_FxEnabled":true},"in2DMode":false,"pivot":{"x":370.0549621582031,"y":214.01197814941407,"z":-302.534912109375},"rotation":{"x":0.0012067119823768736,"y":-0.024651525542140008,"z":0.0006946310750208795,"w":-0.9998791217803955},"size":120.68579864501953,"orthographic":false}